{"cameraMode":{"drawMode":0,"name":"Shaded","section":"Shading Mode"},"sceneLighting":false,"audioPlay":false,"sceneViewState":{"m_AlwaysRefresh":false,"showFog":true,"showSkybox":false,"showFlares":true,"showImageEffects":true,"showParticleSystems":true,"showVisualEffectGraphs":true,"m_FxEnabled":true},"in2DMode":false,"pivot":{"x":27.125783920288087,"y":15.742876052856446,"z":21.07293128967285},"rotation":{"x":0.0015682039083912969,"y":-0.7050654888153076,"z":-0.0026793768629431726,"w":-0.7093977332115173},"size":6.200741767883301,"orthographic":false}