{"cameraMode":{"drawMode":0,"name":"Shaded","section":"Shading Mode"},"sceneLighting":true,"audioPlay":false,"sceneViewState":{"m_AlwaysRefresh":false,"showFog":true,"showSkybox":false,"showFlares":true,"showImageEffects":true,"showParticleSystems":true,"showVisualEffectGraphs":true,"m_FxEnabled":true},"in2DMode":false,"pivot":{"x":0.7130517959594727,"y":22.840015411376954,"z":9.632709503173829},"rotation":{"x":-0.08639407157897949,"y":0.7219962477684021,"z":-0.09168275445699692,"w":-0.6803377270698547},"size":4.8497419357299809,"orthographic":false}